"ID_PER","CVE_ENT","NOM_ENT","NOM_INT","private"
1936.7135,18,"Nayarit","CEFERESO 4 NOROESTE",0
2643.9117,15,"Estado de México","CEFERESO 1 ALTIPLANO",0
2405.9595,25,"Sinaloa","CEFERESO NO 8 NOR-PONIENTE",0
1712.9027,10,"Durango","CEFERESO 14 CPS DURANGO",1
2095.2311,10,"Durango","CEFERESO 14 CPS DURANGO",1
1111.1013,11,"Guanajuato","CEFERESO 12 CPS GUANAJUATO",1
1406.4517,15,"Estado de México","CEFERESO 1 ALTIPLANO",0
307.5205,7,"Chiapas","CEFERESO 15 CPS CHIAPAS",1
2353.8344,5,"Coahuila de Zaragoza","CENTRO PENITENCIARIO FEDERAL 18 ""CPS COAHUILA""",1
2613.6154,26,"Sonora","CEFERESO 11 CPS SONORA",1
250.4345,18,"Nayarit","CEFERESO 4 NOROESTE",0
3031.9252,30,"Veracruz de Ignacio de la Llave","CEFERESO 5 ORIENTE",0
1012.3317,20,"Oaxaca","CEFERESO 13 CPS OAXACA",1
160.2512,5,"Coahuila de Zaragoza","CENTRO PENITENCIARIO FEDERAL 18 ""CPS COAHUILA""",1
162.2762,10,"Durango","CEFERESO 14 CPS DURANGO",1
940.219,26,"Sonora","CEFERESO 11 CPS SONORA",1
127.625,26,"Sonora","CEFERESO 11 CPS SONORA",1
1820.157,25,"Sinaloa","CEFERESO NO 8 NOR-PONIENTE",0
1141.5636,10,"Durango","CEFERESO 14 CPS DURANGO",1
2905.67,20,"Oaxaca","CEFERESO 13 CPS OAXACA",1
2336.5112,30,"Veracruz de Ignacio de la Llave","CEFERESO 5 ORIENTE",0
1838.3274,20,"Oaxaca","CEFERESO 13 CPS OAXACA",1
277.4065,30,"Veracruz de Ignacio de la Llave","CEFERESO 5 ORIENTE",0
1349.4359,30,"Veracruz de Ignacio de la Llave","CEFERESO 5 ORIENTE",0
1254.1338,30,"Veracruz de Ignacio de la Llave","CEFERESO 5 ORIENTE",0
1094.8841,10,"Durango","CEFERESO 14 CPS DURANGO",1
1877.383,20,"Oaxaca","CEFERESO 13 CPS OAXACA",1
2655.439,18,"Nayarit","CEFERESO 4 NOROESTE",0
331.7567,11,"Guanajuato","CEFERESO 12 CPS GUANAJUATO",1
1349.4268,15,"Estado de México","CEFERESO 1 ALTIPLANO",0
2162.6631,11,"Guanajuato","CEFERESO 12 CPS GUANAJUATO",1
2305.7276,11,"Guanajuato","CEFERESO 12 CPS GUANAJUATO",1
484.4897,11,"Guanajuato","CEFERESO 12 CPS GUANAJUATO",1
2183.7036,20,"Oaxaca","CEFERESO 13 CPS OAXACA",1
782.9372,26,"Sonora","CEFERESO 11 CPS SONORA",1
781.6744,10,"Durango","CEFERESO 14 CPS DURANGO",1
746.6659,18,"Nayarit","CEFERESO 4 NOROESTE",0
2750.2875,10,"Durango","CEFERESO 14 CPS DURANGO",1
1021.5261,26,"Sonora","CEFERESO 11 CPS SONORA",1
1410.407,11,"Guanajuato","CEFERESO 12 CPS GUANAJUATO",1
101.4995,10,"Durango","CEFERESO 7 NOR-NOROESTE",0
3182.4634,25,"Sinaloa","CEFERESO NO 8 NOR-PONIENTE",0
1150.736,11,"Guanajuato","CEFERESO 12 CPS GUANAJUATO",1
964.3065,30,"Veracruz de Ignacio de la Llave","CEFERESO 5 ORIENTE",0
2128.9966,30,"Veracruz de Ignacio de la Llave","CEFERESO 5 ORIENTE",0
1861.1803,26,"Sonora","CEFERESO 11 CPS SONORA",1
2412.6753,16,"Michoacán de Ocampo","CEFERESO 17 CPS MICHOACAN",1
1706.9487,10,"Durango","CEFERESO 14 CPS DURANGO",1
1950.6854,25,"Sinaloa","CEFERESO NO 8 NOR-PONIENTE",0
2761.6304,30,"Veracruz de Ignacio de la Llave","CEFERESO 5 ORIENTE",0
259.4372,30,"Veracruz de Ignacio de la Llave","CEFERESO 5 ORIENTE",0
2119.9649,25,"Sinaloa","CEFERESO NO 8 NOR-PONIENTE",0
1742.913,18,"Nayarit","CEFERESO 4 NOROESTE",0
2085.2217,20,"Oaxaca","CEFERESO 13 CPS OAXACA",1
262.446,5,"Coahuila de Zaragoza","CENTRO PENITENCIARIO FEDERAL 18 ""CPS COAHUILA""",1
2873.7885,26,"Sonora","CEFERESO 11 CPS SONORA",1
1693.632,5,"Coahuila de Zaragoza","CENTRO PENITENCIARIO FEDERAL 18 ""CPS COAHUILA""",1
794.7585,10,"Durango","CEFERESO 14 CPS DURANGO",1
2341.4728,26,"Sonora","CEFERESO 11 CPS SONORA",1
1222.2969,26,"Sonora","CEFERESO 11 CPS SONORA",1
394.1013,7,"Chiapas","CEFERESO 15 CPS CHIAPAS",1
1612.623,30,"Veracruz de Ignacio de la Llave","CEFERESO 5 ORIENTE",0
1089.271,30,"Veracruz de Ignacio de la Llave","CEFERESO 5 ORIENTE",0
2999.1826,26,"Sonora","CEFERESO 11 CPS SONORA",1
937.8413,18,"Nayarit","CEFERESO 4 NOROESTE",0
613.9501,20,"Oaxaca","CEFERESO 13 CPS OAXACA",1
2842.9321,26,"Sonora","CEFERESO 11 CPS SONORA",1
146.3564,11,"Guanajuato","CEFERESO 12 CPS GUANAJUATO",1
1100.9848,30,"Veracruz de Ignacio de la Llave","CEFERESO 5 ORIENTE",0
449.0559,26,"Sonora","CEFERESO 11 CPS SONORA",1
2465.8087,16,"Michoacán de Ocampo","CEFERESO 17 CPS MICHOACAN",1
663.0567,25,"Sinaloa","CEFERESO NO 8 NOR-PONIENTE",0
1919.6644,15,"Estado de México","CEFERESO 1 ALTIPLANO",0
2489.7955,5,"Coahuila de Zaragoza","CENTRO PENITENCIARIO FEDERAL 18 ""CPS COAHUILA""",1
2645.2408,5,"Coahuila de Zaragoza","CENTRO PENITENCIARIO FEDERAL 18 ""CPS COAHUILA""",1
2299.9554,30,"Veracruz de Ignacio de la Llave","CEFERESO 5 ORIENTE",0
1837.037,11,"Guanajuato","CEFERESO 12 CPS GUANAJUATO",1
1740.7753,18,"Nayarit","CEFERESO 4 NOROESTE",0
2448.304,5,"Coahuila de Zaragoza","CENTRO PENITENCIARIO FEDERAL 18 ""CPS COAHUILA""",1
2545.2189,11,"Guanajuato","CEFERESO 12 CPS GUANAJUATO",1
1453.1852,20,"Oaxaca","CEFERESO 13 CPS OAXACA",1
1855.8573,11,"Guanajuato","CEFERESO 12 CPS GUANAJUATO",1
1308.491,11,"Guanajuato","CEFERESO 12 CPS GUANAJUATO",1
2019.5271,30,"Veracruz de Ignacio de la Llave","CEFERESO 5 ORIENTE",0
2045.521,25,"Sinaloa","CEFERESO NO 8 NOR-PONIENTE",0
2137.6193,20,"Oaxaca","CEFERESO 13 CPS OAXACA",1
2114.1828,5,"Coahuila de Zaragoza","CENTRO PENITENCIARIO FEDERAL 18 ""CPS COAHUILA""",1
1931.1854,11,"Guanajuato","CEFERESO 12 CPS GUANAJUATO",1
881.5544,26,"Sonora","CEFERESO 11 CPS SONORA",1
775.8782,15,"Estado de México","CEFERESO 1 ALTIPLANO",0
1500.8803,25,"Sinaloa","CEFERESO NO 8 NOR-PONIENTE",0
1008.0165,26,"Sonora","CEFERESO 11 CPS SONORA",1
3124.6051,10,"Durango","CEFERESO 14 CPS DURANGO",1
2950.4135,30,"Veracruz de Ignacio de la Llave","CEFERESO 5 ORIENTE",0
407.9522,25,"Sinaloa","CEFERESO NO 8 NOR-PONIENTE",0
1660.729,30,"Veracruz de Ignacio de la Llave","CEFERESO 5 ORIENTE",0
382.939,20,"Oaxaca","CEFERESO 13 CPS OAXACA",1
2576.7364,5,"Coahuila de Zaragoza","CENTRO PENITENCIARIO FEDERAL 18 ""CPS COAHUILA""",1
2420.364,5,"Coahuila de Zaragoza","CENTRO PENITENCIARIO FEDERAL 18 ""CPS COAHUILA""",1
569.3628,18,"Nayarit","CEFERESO 4 NOROESTE",0
1747.6163,10,"Durango","CEFERESO 14 CPS DURANGO",1
2890.5266,11,"Guanajuato","CEFERESO 12 CPS GUANAJUATO",1
1140.595,18,"Nayarit","CEFERESO 4 NOROESTE",0
663.4379,10,"Durango","CEFERESO 14 CPS DURANGO",1
2669.7857,10,"Durango","CEFERESO 14 CPS DURANGO",1
2499.2208,30,"Veracruz de Ignacio de la Llave","CEFERESO 5 ORIENTE",0
1773.9675,7,"Chiapas","CEFERESO 15 CPS CHIAPAS",1
353.8937,25,"Sinaloa","CEFERESO NO 8 NOR-PONIENTE",0
890.7996,11,"Guanajuato","CEFERESO 12 CPS GUANAJUATO",1
905.3868,30,"Veracruz de Ignacio de la Llave","CEFERESO 5 ORIENTE",0
3132.3851,10,"Durango","CEFERESO 14 CPS DURANGO",1
778.983,5,"Coahuila de Zaragoza","CENTRO PENITENCIARIO FEDERAL 18 ""CPS COAHUILA""",1
1683.5864,10,"Durango","CEFERESO 14 CPS DURANGO",1
105.1315,5,"Coahuila de Zaragoza","CENTRO PENITENCIARIO FEDERAL 18 ""CPS COAHUILA""",1
2361.4077,30,"Veracruz de Ignacio de la Llave","CEFERESO 5 ORIENTE",0
3030.9618,26,"Sonora","CEFERESO 11 CPS SONORA",1
1714.3922,11,"Guanajuato","CEFERESO 12 CPS GUANAJUATO",1
556.6358,18,"Nayarit","CEFERESO 4 NOROESTE",0
2644.0006,10,"Durango","CEFERESO 14 CPS DURANGO",1
320.4952,30,"Veracruz de Ignacio de la Llave","CEFERESO 5 ORIENTE",0
2600.8049,26,"Sonora","CEFERESO 11 CPS SONORA",1
1746.1413,26,"Sonora","CEFERESO 11 CPS SONORA",1
2380.064,30,"Veracruz de Ignacio de la Llave","CEFERESO 5 ORIENTE",0
2658.1136,30,"Veracruz de Ignacio de la Llave","CEFERESO 5 ORIENTE",0
1389.8726,18,"Nayarit","CEFERESO 4 NOROESTE",0
197.0002,26,"Sonora","CEFERESO 11 CPS SONORA",1
1404.8749,25,"Sinaloa","CEFERESO NO 8 NOR-PONIENTE",0
2016.7103,20,"Oaxaca","CEFERESO 13 CPS OAXACA",1
840.4986,18,"Nayarit","CEFERESO 4 NOROESTE",0
1024.1955,20,"Oaxaca","CEFERESO 13 CPS OAXACA",1
836.7148,18,"Nayarit","CEFERESO 4 NOROESTE",0
1488.7578,18,"Nayarit","CEFERESO 4 NOROESTE",0
1213.3984,7,"Chiapas","CEFERESO 15 CPS CHIAPAS",1
3070.9473,18,"Nayarit","CEFERESO 4 NOROESTE",0
3122.8764,25,"Sinaloa","CEFERESO NO 8 NOR-PONIENTE",0
1806.9602,15,"Estado de México","CEFERESO 1 ALTIPLANO",0
2446.5628,5,"Coahuila de Zaragoza","CENTRO PENITENCIARIO FEDERAL 18 ""CPS COAHUILA""",1
2725.4099,10,"Durango","CEFERESO 14 CPS DURANGO",1
2554.386,10,"Durango","CEFERESO 14 CPS DURANGO",1
1799.9382,26,"Sonora","CEFERESO 11 CPS SONORA",1
1837.6019,15,"Estado de México","CEFERESO 1 ALTIPLANO",0
1110.733,10,"Durango","CEFERESO 7 NOR-NOROESTE",0
145.1505,25,"Sinaloa","CEFERESO NO 8 NOR-PONIENTE",0
1813.4444,11,"Guanajuato","CEFERESO 12 CPS GUANAJUATO",1
639.6866,10,"Durango","CEFERESO 14 CPS DURANGO",1
1545.7655,26,"Sonora","CEFERESO 11 CPS SONORA",1
2682.577,30,"Veracruz de Ignacio de la Llave","CEFERESO 5 ORIENTE",0
831.8386,16,"Michoacán de Ocampo","CEFERESO 17 CPS MICHOACAN",1
685.8587,20,"Oaxaca","CEFERESO 13 CPS OAXACA",1
608.9229,20,"Oaxaca","CEFERESO 13 CPS OAXACA",1
1184.8108,30,"Veracruz de Ignacio de la Llave","CEFERESO 5 ORIENTE",0
1038.1793,18,"Nayarit","CEFERESO 4 NOROESTE",0
576.7106,18,"Nayarit","CEFERESO 4 NOROESTE",0
2287.6534,11,"Guanajuato","CEFERESO 12 CPS GUANAJUATO",1
2424.1152,10,"Durango","CEFERESO 14 CPS DURANGO",1
2616.1455,10,"Durango","CEFERESO 14 CPS DURANGO",1
1983.0666,20,"Oaxaca","CEFERESO 13 CPS OAXACA",1
339.1949,30,"Veracruz de Ignacio de la Llave","CEFERESO 5 ORIENTE",0
545.324,25,"Sinaloa","CEFERESO NO 8 NOR-PONIENTE",0
2809.1795,30,"Veracruz de Ignacio de la Llave","CEFERESO 5 ORIENTE",0
2957.4886,11,"Guanajuato","CEFERESO 12 CPS GUANAJUATO",1
2694.7082,11,"Guanajuato","CEFERESO 12 CPS GUANAJUATO",1
1972.0262,11,"Guanajuato","CEFERESO 12 CPS GUANAJUATO",1
1811.4175,11,"Guanajuato","CEFERESO 12 CPS GUANAJUATO",1
2333.7545,30,"Veracruz de Ignacio de la Llave","CEFERESO 5 ORIENTE",0
1521.4044,5,"Coahuila de Zaragoza","CENTRO PENITENCIARIO FEDERAL 18 ""CPS COAHUILA""",1
1557.611,20,"Oaxaca","CEFERESO 13 CPS OAXACA",1
3061.232,26,"Sonora","CEFERESO 11 CPS SONORA",1
3186.9842,10,"Durango","CEFERESO 14 CPS DURANGO",1
2055.0477,10,"Durango","CEFERESO 14 CPS DURANGO",1
599.5168,15,"Estado de México","CEFERESO 1 ALTIPLANO",0
2579.181,18,"Nayarit","CEFERESO 4 NOROESTE",0
2653.959,10,"Durango","CEFERESO 14 CPS DURANGO",1
305.2525,25,"Sinaloa","CEFERESO NO 8 NOR-PONIENTE",0
1745.1279,30,"Veracruz de Ignacio de la Llave","CEFERESO 5 ORIENTE",0
3202.0783,16,"Michoacán de Ocampo","CEFERESO 17 CPS MICHOACAN",1
124.8114,10,"Durango","CEFERESO 14 CPS DURANGO",1
588.4062,10,"Durango","CEFERESO 7 NOR-NOROESTE",0
1300.1238,30,"Veracruz de Ignacio de la Llave","CEFERESO 5 ORIENTE",0
2341.3781,20,"Oaxaca","CEFERESO 13 CPS OAXACA",1
1686.7726,26,"Sonora","CEFERESO 11 CPS SONORA",1
1301.807,20,"Oaxaca","CEFERESO 13 CPS OAXACA",1
169.2915,18,"Nayarit","CEFERESO 4 NOROESTE",0
408.1874,20,"Oaxaca","CEFERESO 13 CPS OAXACA",1
2401.4989,10,"Durango","CEFERESO 14 CPS DURANGO",1
626.579,26,"Sonora","CEFERESO 11 CPS SONORA",1
2134.5713,18,"Nayarit","CEFERESO 4 NOROESTE",0
870.4408,11,"Guanajuato","CEFERESO 12 CPS GUANAJUATO",1
1105.8679,5,"Coahuila de Zaragoza","CENTRO PENITENCIARIO FEDERAL 18 ""CPS COAHUILA""",1
112.028,18,"Nayarit","CEFERESO 4 NOROESTE",0
1824.9439,20,"Oaxaca","CEFERESO 13 CPS OAXACA",1
462.4322,25,"Sinaloa","CEFERESO NO 8 NOR-PONIENTE",0
2825.6191,18,"Nayarit","CEFERESO 4 NOROESTE",0
2758.163,18,"Nayarit","CEFERESO 4 NOROESTE",0
184.9693,20,"Oaxaca","CEFERESO 13 CPS OAXACA",1
1970.0327,18,"Nayarit","CEFERESO 4 NOROESTE",0
2646.323,10,"Durango","CEFERESO 14 CPS DURANGO",1
1882.041,10,"Durango","CEFERESO 14 CPS DURANGO",1
1841.2429,15,"Estado de México","CEFERESO 1 ALTIPLANO",0
2640.0988,30,"Veracruz de Ignacio de la Llave","CEFERESO 5 ORIENTE",0
2910.8843,20,"Oaxaca","CEFERESO 13 CPS OAXACA",1
2888.168,20,"Oaxaca","CEFERESO 13 CPS OAXACA",1
2238.2761,26,"Sonora","CEFERESO 11 CPS SONORA",1
1101.35,5,"Coahuila de Zaragoza","CENTRO PENITENCIARIO FEDERAL 18 ""CPS COAHUILA""",1
1920.6753,10,"Durango","CEFERESO 14 CPS DURANGO",1
1690.3492,26,"Sonora","CEFERESO 11 CPS SONORA",1
2951.4615,11,"Guanajuato","CEFERESO 12 CPS GUANAJUATO",1
3111.9137,11,"Guanajuato","CEFERESO 12 CPS GUANAJUATO",1
431.9213,11,"Guanajuato","CEFERESO 12 CPS GUANAJUATO",1
1336.7026,11,"Guanajuato","CEFERESO 12 CPS GUANAJUATO",1
807.0577,26,"Sonora","CEFERESO 11 CPS SONORA",1
521.5444,26,"Sonora","CEFERESO 11 CPS SONORA",1
1141.1391,15,"Estado de México","CEFERESO 1 ALTIPLANO",0
1678.4456,5,"Coahuila de Zaragoza","CENTRO PENITENCIARIO FEDERAL 18 ""CPS COAHUILA""",1
1785.7939,5,"Coahuila de Zaragoza","CENTRO PENITENCIARIO FEDERAL 18 ""CPS COAHUILA""",1
1051.2683,26,"Sonora","CEFERESO 11 CPS SONORA",1
2959.0757,18,"Nayarit","CEFERESO 4 NOROESTE",0
2366.1831,5,"Coahuila de Zaragoza","CENTRO PENITENCIARIO FEDERAL 18 ""CPS COAHUILA""",1
448.8811,11,"Guanajuato","CEFERESO 12 CPS GUANAJUATO",1
1334.8796,20,"Oaxaca","CEFERESO 13 CPS OAXACA",1
2284.452,18,"Nayarit","CEFERESO 4 NOROESTE",0
2785.3171,5,"Coahuila de Zaragoza","CENTRO PENITENCIARIO FEDERAL 18 ""CPS COAHUILA""",1
2197.7212,5,"Coahuila de Zaragoza","CENTRO PENITENCIARIO FEDERAL 18 ""CPS COAHUILA""",1
699.1283,30,"Veracruz de Ignacio de la Llave","CEFERESO 5 ORIENTE",0
825.6521,26,"Sonora","CEFERESO 11 CPS SONORA",1
448.6842,20,"Oaxaca","CEFERESO 13 CPS OAXACA",1
143.2824,18,"Nayarit","CEFERESO 4 NOROESTE",0
336.6761,30,"Veracruz de Ignacio de la Llave","CEFERESO 5 ORIENTE",0
1392.2489,10,"Durango","CEFERESO 14 CPS DURANGO",1
2724.5106,10,"Durango","CEFERESO 14 CPS DURANGO",1
2516.463,20,"Oaxaca","CEFERESO 13 CPS OAXACA",1
2458.9905,10,"Durango","CEFERESO 14 CPS DURANGO",1
2035.1115,15,"Estado de México","CEFERESO 1 ALTIPLANO",0
1195.4299,11,"Guanajuato","CEFERESO 12 CPS GUANAJUATO",1
1424.4828,30,"Veracruz de Ignacio de la Llave","CEFERESO 5 ORIENTE",0
1278.5726,20,"Oaxaca","CEFERESO 13 CPS OAXACA",1
2700.4353,20,"Oaxaca","CEFERESO 13 CPS OAXACA",1
2640.7955,26,"Sonora","CEFERESO 11 CPS SONORA",1
1140.7231,20,"Oaxaca","CEFERESO 13 CPS OAXACA",1
2709.3898,11,"Guanajuato","CEFERESO 12 CPS GUANAJUATO",1
251.0865,10,"Durango","CEFERESO 14 CPS DURANGO",1
873.5114,15,"Estado de México","CEFERESO 1 ALTIPLANO",0
1062.217,5,"Coahuila de Zaragoza","CENTRO PENITENCIARIO FEDERAL 18 ""CPS COAHUILA""",1
3048.8417,20,"Oaxaca","CEFERESO 13 CPS OAXACA",1
297.853,11,"Guanajuato","CEFERESO 12 CPS GUANAJUATO",1
1762.6913,5,"Coahuila de Zaragoza","CENTRO PENITENCIARIO FEDERAL 18 ""CPS COAHUILA""",1
204.9974,5,"Coahuila de Zaragoza","CENTRO PENITENCIARIO FEDERAL 18 ""CPS COAHUILA""",1
3051.5247,20,"Oaxaca","CEFERESO 13 CPS OAXACA",1
2692.3678,10,"Durango","CEFERESO 14 CPS DURANGO",1
541.8319,18,"Nayarit","CEFERESO 4 NOROESTE",0
3186.3303,30,"Veracruz de Ignacio de la Llave","CEFERESO 5 ORIENTE",0
1780.9953,25,"Sinaloa","CEFERESO NO 8 NOR-PONIENTE",0
2335.7354,15,"Estado de México","CEFERESO 1 ALTIPLANO",0
1107.7272,26,"Sonora","CEFERESO 11 CPS SONORA",1
716.4898,10,"Durango","CEFERESO 14 CPS DURANGO",1
793.8903,18,"Nayarit","CEFERESO 4 NOROESTE",0
2858.0336,11,"Guanajuato","CEFERESO 12 CPS GUANAJUATO",1
2741.008,5,"Coahuila de Zaragoza","CENTRO PENITENCIARIO FEDERAL 18 ""CPS COAHUILA""",1
1089.3267,18,"Nayarit","CEFERESO 4 NOROESTE",0
784.5084,30,"Veracruz de Ignacio de la Llave","CEFERESO 5 ORIENTE",0
192.3711,15,"Estado de México","CEFERESO 1 ALTIPLANO",0
494.1144,18,"Nayarit","CEFERESO 4 NOROESTE",0
859.8645,30,"Veracruz de Ignacio de la Llave","CEFERESO 5 ORIENTE",0
2085.2437,5,"Coahuila de Zaragoza","CENTRO PENITENCIARIO FEDERAL 18 ""CPS COAHUILA""",1
822.6051,5,"Coahuila de Zaragoza","CENTRO PENITENCIARIO FEDERAL 18 ""CPS COAHUILA""",1
1419.6249,15,"Estado de México","CEFERESO 1 ALTIPLANO",0
798.8965,30,"Veracruz de Ignacio de la Llave","CEFERESO 5 ORIENTE",0
600.7828,10,"Durango","CEFERESO 14 CPS DURANGO",1
1841.3697,26,"Sonora","CEFERESO 11 CPS SONORA",1
369.0654,5,"Coahuila de Zaragoza","CENTRO PENITENCIARIO FEDERAL 18 ""CPS COAHUILA""",1
1247.7594,10,"Durango","CEFERESO 14 CPS DURANGO",1
1148.9187,15,"Estado de México","CEFERESO 1 ALTIPLANO",0
2712.3889,20,"Oaxaca","CEFERESO 13 CPS OAXACA",1
949.2715,18,"Nayarit","CEFERESO 4 NOROESTE",0
2996.3886,11,"Guanajuato","CEFERESO 12 CPS GUANAJUATO",1
2925.5612,30,"Veracruz de Ignacio de la Llave","CEFERESO 5 ORIENTE",0
2271.9655,26,"Sonora","CEFERESO 11 CPS SONORA",1
1874.0355,26,"Sonora","CEFERESO 11 CPS SONORA",1
304.0505,18,"Nayarit","CEFERESO 4 NOROESTE",0
1643.8281,30,"Veracruz de Ignacio de la Llave","CEFERESO 5 ORIENTE",0
1462.2775,25,"Sinaloa","CEFERESO NO 8 NOR-PONIENTE",0
3167.2794,30,"Veracruz de Ignacio de la Llave","CEFERESO 5 ORIENTE",0
660.0799,15,"Estado de México","CEFERESO 1 ALTIPLANO",0
2857.8915,20,"Oaxaca","CEFERESO 13 CPS OAXACA",1
2779.3812,25,"Sinaloa","CEFERESO NO 8 NOR-PONIENTE",0
1493.4286,30,"Veracruz de Ignacio de la Llave","CEFERESO 5 ORIENTE",0
2077.5479,26,"Sonora","CEFERESO 11 CPS SONORA",1
1811.7124,11,"Guanajuato","CEFERESO 12 CPS GUANAJUATO",1
2056.494,10,"Durango","CEFERESO 14 CPS DURANGO",1
1035.7551,30,"Veracruz de Ignacio de la Llave","CEFERESO 5 ORIENTE",0
304.9685,10,"Durango","CEFERESO 14 CPS DURANGO",1
1339.6449,5,"Coahuila de Zaragoza","CENTRO PENITENCIARIO FEDERAL 18 ""CPS COAHUILA""",1
2075.9517,15,"Estado de México","CEFERESO 1 ALTIPLANO",0
3132.01,26,"Sonora","CEFERESO 11 CPS SONORA",1
1416.4995,20,"Oaxaca","CEFERESO 13 CPS OAXACA",1
2835.8711,30,"Veracruz de Ignacio de la Llave","CEFERESO 5 ORIENTE",0
1673.6636,15,"Estado de México","CEFERESO 1 ALTIPLANO",0
511.8894,11,"Guanajuato","CEFERESO 12 CPS GUANAJUATO",1
1353.1392,30,"Veracruz de Ignacio de la Llave","CEFERESO 5 ORIENTE",0
2506.4383,11,"Guanajuato","CEFERESO 12 CPS GUANAJUATO",1
2220.5413,20,"Oaxaca","CEFERESO 13 CPS OAXACA",1
1081.9489,5,"Coahuila de Zaragoza","CENTRO PENITENCIARIO FEDERAL 18 ""CPS COAHUILA""",1
1392.6008,10,"Durango","CEFERESO 14 CPS DURANGO",1
2563.1426,25,"Sinaloa","CEFERESO NO 8 NOR-PONIENTE",0
1794.0139,18,"Nayarit","CEFERESO 4 NOROESTE",0
1407.9719,26,"Sonora","CEFERESO 11 CPS SONORA",1
2567.4947,18,"Nayarit","CEFERESO 4 NOROESTE",0
770.8174,5,"Coahuila de Zaragoza","CENTRO PENITENCIARIO FEDERAL 18 ""CPS COAHUILA""",1
966.8935,5,"Coahuila de Zaragoza","CENTRO PENITENCIARIO FEDERAL 18 ""CPS COAHUILA""",1
1528.6248,30,"Veracruz de Ignacio de la Llave","CEFERESO 5 ORIENTE",0
2019.8777,26,"Sonora","CEFERESO 11 CPS SONORA",1
1283.6432,26,"Sonora","CEFERESO 11 CPS SONORA",1
2197.0028,11,"Guanajuato","CEFERESO 12 CPS GUANAJUATO",1
3111.8997,15,"Estado de México","CEFERESO 1 ALTIPLANO",0
682.7155,16,"Michoacán de Ocampo","CEFERESO 17 CPS MICHOACAN",1
1610.8319,20,"Oaxaca","CEFERESO 13 CPS OAXACA",1
1055.77,15,"Estado de México","CEFERESO 1 ALTIPLANO",0
1111.5193,10,"Durango","CEFERESO 14 CPS DURANGO",1
2830.9821,10,"Durango","CEFERESO 14 CPS DURANGO",1
2706.2163,20,"Oaxaca","CEFERESO 13 CPS OAXACA",1
1671.6873,18,"Nayarit","CEFERESO 4 NOROESTE",0
2763.2946,11,"Guanajuato","CEFERESO 12 CPS GUANAJUATO",1
1415.7132,18,"Nayarit","CEFERESO 4 NOROESTE",0
2021.6407,18,"Nayarit","CEFERESO 4 NOROESTE",0
2328.0508,20,"Oaxaca","CEFERESO 13 CPS OAXACA",1
507.6938,10,"Durango","CEFERESO 14 CPS DURANGO",1
1632.5028,5,"Coahuila de Zaragoza","CENTRO PENITENCIARIO FEDERAL 18 ""CPS COAHUILA""",1
882.2502,11,"Guanajuato","CEFERESO 12 CPS GUANAJUATO",1
1795.9093,18,"Nayarit","CEFERESO 4 NOROESTE",0
3130.4809,30,"Veracruz de Ignacio de la Llave","CEFERESO 5 ORIENTE",0
2189.4297,20,"Oaxaca","CEFERESO 13 CPS OAXACA",1
1138.2661,18,"Nayarit","CEFERESO 4 NOROESTE",0
1021.809,18,"Nayarit","CEFERESO 4 NOROESTE",0
1997.7121,11,"Guanajuato","CEFERESO 12 CPS GUANAJUATO",1
2965.2563,30,"Veracruz de Ignacio de la Llave","CEFERESO 5 ORIENTE",0
1802.9899,10,"Durango","CEFERESO 14 CPS DURANGO",1
1404.786,18,"Nayarit","CEFERESO 4 NOROESTE",0
893.2002,30,"Veracruz de Ignacio de la Llave","CEFERESO 5 ORIENTE",0
2472.3563,10,"Durango","CEFERESO 7 NOR-NOROESTE",0
1749.9924,18,"Nayarit","CEFERESO 4 NOROESTE",0
2178.4059,30,"Veracruz de Ignacio de la Llave","CEFERESO 5 ORIENTE",0
1043.3851,26,"Sonora","CEFERESO 11 CPS SONORA",1
1951.3276,5,"Coahuila de Zaragoza","CENTRO PENITENCIARIO FEDERAL 18 ""CPS COAHUILA""",1
2290.753,18,"Nayarit","CEFERESO 4 NOROESTE",0
1318.6494,20,"Oaxaca","CEFERESO 13 CPS OAXACA",1
1586.7764,18,"Nayarit","CEFERESO 4 NOROESTE",0
2548.707,20,"Oaxaca","CEFERESO 13 CPS OAXACA",1
2611.4374,18,"Nayarit","CEFERESO 4 NOROESTE",0
1663.4643,26,"Sonora","CEFERESO 11 CPS SONORA",1
386.3414,5,"Coahuila de Zaragoza","CENTRO PENITENCIARIO FEDERAL 18 ""CPS COAHUILA""",1
2685.8778,25,"Sinaloa","CEFERESO NO 8 NOR-PONIENTE",0
1774.8042,25,"Sinaloa","CEFERESO NO 8 NOR-PONIENTE",0
3044.5516,18,"Nayarit","CEFERESO 4 NOROESTE",0
794.2161,20,"Oaxaca","CEFERESO 13 CPS OAXACA",1
2253.9368,5,"Coahuila de Zaragoza","CENTRO PENITENCIARIO FEDERAL 18 ""CPS COAHUILA""",1
892.0634,20,"Oaxaca","CEFERESO 13 CPS OAXACA",1
897.0281,11,"Guanajuato","CEFERESO 12 CPS GUANAJUATO",1
1593.1797,11,"Guanajuato","CEFERESO 12 CPS GUANAJUATO",1
1484.5318,26,"Sonora","CEFERESO 11 CPS SONORA",1
1386.5589,18,"Nayarit","CEFERESO 4 NOROESTE",0
744.3145,5,"Coahuila de Zaragoza","CENTRO PENITENCIARIO FEDERAL 18 ""CPS COAHUILA""",1
2721.1582,15,"Estado de México","CEFERESO 1 ALTIPLANO",0
2157.7263,20,"Oaxaca","CEFERESO 13 CPS OAXACA",1
166.8727,20,"Oaxaca","CEFERESO 13 CPS OAXACA",1
2573.0385,10,"Durango","CEFERESO 14 CPS DURANGO",1
2982.4628,30,"Veracruz de Ignacio de la Llave","CEFERESO 5 ORIENTE",0
2002.3357,16,"Michoacán de Ocampo","CEFERESO 17 CPS MICHOACAN",1
2101.0136,18,"Nayarit","CEFERESO 4 NOROESTE",0
1992.8404,5,"Coahuila de Zaragoza","CENTRO PENITENCIARIO FEDERAL 18 ""CPS COAHUILA""",1
449.106,18,"Nayarit","CEFERESO 4 NOROESTE",0
2244.5237,11,"Guanajuato","CEFERESO 12 CPS GUANAJUATO",1
2596.392,30,"Veracruz de Ignacio de la Llave","CEFERESO 5 ORIENTE",0
351.9871,18,"Nayarit","CEFERESO 4 NOROESTE",0
2769.653,11,"Guanajuato","CEFERESO 12 CPS GUANAJUATO",1
527.9405,30,"Veracruz de Ignacio de la Llave","CEFERESO 5 ORIENTE",0
2401.0652,18,"Nayarit","CEFERESO 4 NOROESTE",0
1881.037,11,"Guanajuato","CEFERESO 12 CPS GUANAJUATO",1
1283.9632,18,"Nayarit","CEFERESO 4 NOROESTE",0
1425.2999,5,"Coahuila de Zaragoza","CENTRO PENITENCIARIO FEDERAL 18 ""CPS COAHUILA""",1
699.081,15,"Estado de México","CEFERESO 1 ALTIPLANO",0
1306.441,20,"Oaxaca","CEFERESO 13 CPS OAXACA",1
2861.8908,26,"Sonora","CEFERESO 11 CPS SONORA",1
226.3474,20,"Oaxaca","CEFERESO 13 CPS OAXACA",1
2597.1843,26,"Sonora","CEFERESO 11 CPS SONORA",1
2531.1051,5,"Coahuila de Zaragoza","CENTRO PENITENCIARIO FEDERAL 18 ""CPS COAHUILA""",1
2449.2085,30,"Veracruz de Ignacio de la Llave","CEFERESO 5 ORIENTE",0
2756.0347,26,"Sonora","CEFERESO 11 CPS SONORA",1
1324.2223,10,"Durango","CEFERESO 14 CPS DURANGO",1
104.8543,18,"Nayarit","CEFERESO 4 NOROESTE",0
509.3839,5,"Coahuila de Zaragoza","CENTRO PENITENCIARIO FEDERAL 18 ""CPS COAHUILA""",1
2079.7146,11,"Guanajuato","CEFERESO 12 CPS GUANAJUATO",1
2118.3276,5,"Coahuila de Zaragoza","CENTRO PENITENCIARIO FEDERAL 18 ""CPS COAHUILA""",1
2410.8874,5,"Coahuila de Zaragoza","CENTRO PENITENCIARIO FEDERAL 18 ""CPS COAHUILA""",1
2957.7734,20,"Oaxaca","CEFERESO 13 CPS OAXACA",1
1007.5214,20,"Oaxaca","CEFERESO 13 CPS OAXACA",1
2710.3806,11,"Guanajuato","CEFERESO 12 CPS GUANAJUATO",1
104.8183,25,"Sinaloa","CEFERESO NO 8 NOR-PONIENTE",0
2475.7476,5,"Coahuila de Zaragoza","CENTRO PENITENCIARIO FEDERAL 18 ""CPS COAHUILA""",1
3007.488,5,"Coahuila de Zaragoza","CENTRO PENITENCIARIO FEDERAL 18 ""CPS COAHUILA""",1
2162.3641,30,"Veracruz de Ignacio de la Llave","CEFERESO 5 ORIENTE",0
